As seen on,spam
Buying judgments,spam
Order status,spam
Dig up dirt on friends ,spam
Additional Income,spam
Double your,spam
Earn per week ,spam
Home based,spam
Income from home,spam
Money making,spam
Opportunity ,spam
While you sleep ,spam
$$$,spam
Beneficiary,spam
Cash,spam
Cents on the dollar ,spam
Claims,spam
Cost,spam
Discount,spam
F r e e,spam
Hidden assets ,spam
Incredible deal,spam
Loans,spam
Money,spam
Mortgage rates ,spam
One hundred percent free ,spam
Price,spam
Quote,spam
Save big money,spam
Subject to credit,spam
Unsecured debt,spam
Accept Credit Cards,spam
Credit card offers ,spam
Investment decision ,spam
No investment,spam
Stock alert ,spam
Avoid bankruptcy,spam
Consolidate debt and credit,spam
Eliminate debt,spam
Get paid ,spam
Lower your mortgage rate,spam
Refinance home ,spam
Acceptance,spam
Chance,spam
Here,spam
Leave,spam
Maintained,spam
Never,spam
Remove,spam
Satisfaction,spam
Success,spam
Dear [email/friend/somebody] ,spam
Ad,spam
Click,spam
Click to remove ,spam
Email harvest ,spam
Increase sales ,spam
Internet market,spam
Marketing solutions ,spam
Month trial offer,spam
Notspam,spam
Open,spam
Removal instructions,spam
Search engine listings,spam
The following form,spam
Undisclosed recipient,spam
We hate spam ,spam
Cures baldness ,spam
Human growth hormone,spam
Lose weight spam ,spam
Online pharmacy ,spam
Stop snoring ,spam
Vicodin,spam
#1,spam
4U,spam
Billion dollars ,spam
Million,spam
Being a member,spam
Cannot be combined with any other offer ,spam
Financial freedom ,spam
Guarantee ,spam
Important information regarding,spam
Mail in order form ,spam
Nigerian ,spam
No claim forms ,spam
No gimmick ,spam
No obligation,spam
No selling,spam
Not intended ,spam
Offer,spam
Priority mail,spam
Produced and sent out ,spam
Stuff on sale,spam
They’re just giving it away,spam
Unsolicited,spam
Warranty,spam
What are you waiting for? ,spam
Winner ,spam
You are a winner!,spam
Cancel at any time ,spam
Get,spam
Print out and fax ,spam
Free,spam
Free,spam
Free consultation ,spam
Free grant money,spam
Free Instant,spam
Free membership ,spam
Free preview ,spam
Free sample ,spam
All natural,spam
Certified,spam
Fantastic deal ,spam
It’s effective,spam
Real thing,spam
Access,spam
Apply Online ,spam
Can't live without,spam
Don't hesitate,spam
For you,spam
Great offer ,spam
Instant,spam
Now,spam
Once in lifetime ,spam
Order now,spam
Special promotion ,spam
Time limited,spam
Addresses on CD,spam
Brand new pager ,spam
Celebrity,spam
Legal,spam
Phone,spam
Buy,spam
Clearance,spam
Orders shipped by,spam
Meet singles ,spam
Be your own boss,spam
Earn $,spam
Expect to earn ,spam
Home employment,spam
Make $,spam
Online biz opportunity,spam
Potential earnings ,spam
Work at home ,spam
Affordable,spam
Best price,spam
Cash bonus ,spam
Cheap,spam
Collect,spam
Credit,spam
Earn,spam
Fast cash,spam
hidden charges,spam
Insurance ,spam
Lowest price ,spam
Money back,spam
No cost,spam
Only $ ,spam
Profits ,spam
Refinance,spam
Save up to,spam
They keep your money -- no refund! ,spam
US dollars,spam
Cards accepted,spam
Explode your business,spam
No credit check ,spam
Requires initial investment,spam
Stock disclaimer statement ,spam
Calling creditors,spam
Consolidate your debt,spam
Financially independent,spam
Lower interest rate,spam
Lowest insurance rates,spam
Social security number ,spam
Accordingly,spam
Dormant,spam
Hidden,spam
Lifetime,spam
Medium,spam
Passwords,spam
Reverses,spam
Solution,spam
Teen,spam
Friend,spam
Auto email removal ,spam
Click below,spam
Direct email ,spam
Email marketing ,spam
Increase traffic ,spam
Internet marketing,spam
Mass email ,spam
More Internet Traffic,spam
One time mailing ,spam
Opt in,spam
Sale,spam
Search engines,spam
This isn't junk ,spam
Unsubscribe,spam
Web traffic,spam
Diagnostics,spam
Life Insurance,spam
Medicine,spam
Removes wrinkles,spam
Valium,spam
Weight loss,spam
100% free,spam
50% off,spam
Join millions,spam
One hundred percent guaranteed ,spam
Billing address ,spam
Confidentially on all orders ,spam
Gift certificate,spam
Have you been turned down? ,spam
In accordance with laws,spam
Message contains,spam
No age restrictions ,spam
No disappointment ,spam
No inventory ,spam
No purchase necessary,spam
No strings attached,spam
Obligation,spam
Per day,spam
Prize,spam
Reserves the right,spam
Terms and conditions,spam
Trial,spam
Vacation,spam
We honor all ,spam
Who really wins? ,spam
Winning ,spam
You have been selected ,spam
Compare,spam
Give it away,spam
See for yourself,spam
Free access ,spam
Free DVD ,spam
Free hosting,spam
Free investment ,spam
Free money ,spam
Free priority mail ,spam
Free trial ,spam
All new,spam
Congratulations ,spam
For free ,spam
Outstanding values ,spam
Risk free,spam
Act Now!,spam
Call free ,spam
Do it today,spam
For instant access ,spam
Get it now,spam
Info you requested,spam
limited time,spam
Now only,spam
One time,spam
Order today,spam
Supplies are limited,spam
Urgent,spam
Beverage,spam
Cable converter ,spam
Copy DVDs ,spam
Luxury car ,spam
Rolex,spam
Buy direct,spam
Order,spam
shopper,spam
Score with babes,spam
Compete for your business,spam
Earn extra cash,spam
Extra income,spam
Homebased business,spam
Make money,spam
Online degree,spam
University diplomas,spam
Work from home,spam
Bargain,spam
Big bucks ,spam
Cashcashcash,spam
Check,spam
Compare rates,spam
Credit bureaus ,spam
Easy terms ,spam
For just $XXX,spam
Income,spam
Investment,spam
Million dollars,spam
Mortgage,spam
No fees ,spam
Pennies a day ,spam
Pure profit,spam
Save $,spam
Serious cash,spam
Unsecured credit,spam
Why pay more? ,spam
Check or money order ,spam
Full refund ,spam
No hidden Costs,spam
Sent in compliance,spam
Stock pick ,spam
Collect child support,spam
Eliminate bad credit ,spam
Get out of debt,spam
Lower monthly payment ,spam
Pre-approved,spam
Your income,spam
Avoid,spam
Freedom,spam
Home,spam
Lose,spam
Miracle,spam
Problem,spam
Sample,spam
Stop,spam
Wife,spam
Hello,spam
Bulk email,spam
Click here,spam
Direct marketing ,spam
Form,spam
Increase your sales,spam
Marketing,spam
Member,spam
Multi level marketing,spam
Online marketing,spam
Performance,spam
Sales,spam
Subscribe,spam
This isn't spam ,spam
Visit our website,spam
Will not believe your eyes ,spam
Fast Viagra delivery,spam
Lose weight,spam
No medical exams,spam
Reverses aging,spam
Viagra,spam
Xanax,spam
100% Satisfied,spam
Billion,spam
Join millions of Americans ,spam
Thousands,spam
Call,spam
Deal,spam
Giving away,spam
If only it were that easy,spam
Long distance phone offer,spam
Name brand ,spam
No catch ,spam
No experience ,spam
No middleman,spam
No questions asked,spam
No-obligation,spam
Off shore,spam
Per week,spam
Prizes,spam
Shopping spree ,spam
The best rates,spam
unlimited,spam
Vacation offers,spam
Weekend getaway ,spam
Win,spam
won,spam
You’re a Winner!,spam
Copy accurately ,spam
Print form signature,spam
Sign up free today ,spam
Free cell phone ,spam
Free gift,spam
Free installation ,spam
Free leads ,spam
Free offer ,spam
Free quote ,spam
Free website ,spam
Amazing ,spam
Drastically reduced ,spam
Guaranteed,spam
Promise you,spam
Satisfaction guaranteed ,spam
Apply now,spam
Call now ,spam
Don't delete ,spam
For Only,spam
Get started now ,spam
Information you requested,spam
New customers only ,spam
Offer expires ,spam
Only,spam
Please read ,spam
Take action now,spam
While supplies last ,spam
Bonus,spam
Casino ,spam
Laser printer ,spam
New domain extensions ,spam
Stainless steel ,spam